{
  "nodes": [
    {
      "id": "224777ab3f",
      "position": {
        "x": 100,
        "y": 100
      }
    },
    {
      "id": "skill-3f7c8d",
      "position": {
        "x": 407.3999938964844,
        "y": 176.1999969482422
      }
    },
    {
      "id": "ea3c6ae2af",
      "position": {
        "x": 281.3999938964844,
        "y": 328.1999969482422
      }
    },
    {
      "id": "0dac6e965f",
      "position": {
        "x": -15,
        "y": 335
      }
    }
  ],
  "links": []
}