{
  "nodes": [
    {
      "id": "187a96467f",
      "position": {
        "x": 100,
        "y": 100
      }
    },
    {
      "id": "skill-5c16c0",
      "position": {
        "x": 432.3999938964844,
        "y": 177.1999969482422
      }
    }
  ],
  "links": []
}