{
  "nodes": [
    {
      "id": "66120c031d",
      "position": {
        "x": 100,
        "y": 100
      }
    },
    {
      "id": "skill-eca4b9",
      "position": {
        "x": 528.3999938964844,
        "y": 211.1999969482422
      }
    }
  ],
  "links": []
}