{
  "nodes": [
    {
      "id": "65bb0ad0af",
      "position": {
        "x": 100,
        "y": 100
      }
    },
    {
      "id": "skill-3cd84e",
      "position": {
        "x": 468.3999938964844,
        "y": 168.1999969482422
      }
    }
  ],
  "links": []
}