{
  "nodes": [
    {
      "id": "8d1a28aebf",
      "position": {
        "x": 100,
        "y": 100
      }
    },
    {
      "id": "skill-730d2f",
      "position": {
        "x": 478.3999938964844,
        "y": 183.1999969482422
      }
    }
  ],
  "links": []
}