{
  "nodes": [
    {
      "id": "19b422780d",
      "position": {
        "x": 100,
        "y": 100
      }
    },
    {
      "id": "skill-32e18d",
      "position": {
        "x": 416.3999938964844,
        "y": 166.1999969482422
      }
    }
  ],
  "links": []
}