{
  "nodes": [
    {
      "id": "a085bc2d98",
      "position": {
        "x": 100,
        "y": 100
      }
    },
    {
      "id": "skill-e2a3e9",
      "position": {
        "x": 486.3999938964844,
        "y": 260.1999969482422
      }
    }
  ],
  "links": []
}