{
  "nodes": [
    {
      "id": "96f82d7d83",
      "position": {
        "x": 100,
        "y": 100
      }
    },
    {
      "id": "skill-ab49c3",
      "position": {
        "x": 497.3999938964844,
        "y": 225.1999969482422
      }
    }
  ],
  "links": []
}